{
  "train_domain_weights": {
    "cot": 0.13568177819252014,
    "dolly": 0.05964866653084755,
    "flan_v2": 0.3957784175872803,
    "oasst1": 0.4088916480541229
  },
  "eval_domain_weights": {
    "cot": 0.13568177819252014,
    "dolly": 0.05964866653084755,
    "flan_v2": 0.3957784175872803,
    "oasst1": 0.4088916480541229
  }
}