{
  "train_domain_weights": {
    "cot": 0.09660358726978302,
    "dolly": 0.10446499288082123,
    "flan_v2": 0.6946046948432922,
    "oasst1": 0.10432647913694382
  },
  "eval_domain_weights": {
    "cot": 0.09660358726978302,
    "dolly": 0.10446499288082123,
    "flan_v2": 0.6946046948432922,
    "oasst1": 0.10432647913694382
  }
}