{
  "train_domain_weights": {
    "cot": 0.1251220703125,
    "dolly": 0.51220703125,
    "flan_v2": 0.362548828125,
    "oasst1": 0.0008006095886230469
  },
  "eval_domain_weights": {
    "cot": 0.1251220703125,
    "dolly": 0.51220703125,
    "flan_v2": 0.362548828125,
    "oasst1": 0.0008006095886230469
  }
}