{
  "train_domain_weights": {
    "cot": 0.0316162109375,
    "dolly": 0.204833984375,
    "flan_v2": 0.40966796875,
    "oasst1": 0.40966796875
  },
  "eval_domain_weights": {
    "cot": 0.0316162109375,
    "dolly": 0.204833984375,
    "flan_v2": 0.40966796875,
    "oasst1": 0.40966796875
  }
}