{
  "train_domain_weights": {
    "cot": 0.08563232421875,
    "dolly": 0.54296875,
    "flan_v2": 0.347900390625,
    "oasst1": 0.0103302001953125
  },
  "eval_domain_weights": {
    "cot": 0.08563232421875,
    "dolly": 0.54296875,
    "flan_v2": 0.347900390625,
    "oasst1": 0.0103302001953125
  }
}