{
  "train_domain_weights": {
    "cot": 0.11419677734375,
    "dolly": 0.1024169921875,
    "flan_v2": 0.204833984375,
    "oasst1": 0.204833984375
  },
  "eval_domain_weights": {
    "cot": 0.11419677734375,
    "dolly": 0.1024169921875,
    "flan_v2": 0.204833984375,
    "oasst1": 0.204833984375
  }
}