{
  "train_domain_weights": {
    "cot": 0.157958984375,
    "dolly": 0.73779296875,
    "flan_v2": 0.09405517578125,
    "oasst1": 0.00414276123046875
  },
  "eval_domain_weights": {
    "cot": 0.157958984375,
    "dolly": 0.73779296875,
    "flan_v2": 0.09405517578125,
    "oasst1": 0.00414276123046875
  }
}