{
  "train_domain_weights": {
    "cot": 0.2254638671875,
    "dolly": 0.01409149169921875,
    "flan_v2": 0.1739501953125,
    "oasst1": 0.59423828125
  },
  "eval_domain_weights": {
    "cot": 0.2254638671875,
    "dolly": 0.01409149169921875,
    "flan_v2": 0.1739501953125,
    "oasst1": 0.59423828125
  }
}