{
  "train_domain_weights": {
    "cot": 0.360595703125,
    "dolly": 0.0021991729736328125,
    "flan_v2": 0.63037109375,
    "oasst1": 0.0016956329345703125
  },
  "eval_domain_weights": {
    "cot": 0.360595703125,
    "dolly": 0.0021991729736328125,
    "flan_v2": 0.63037109375,
    "oasst1": 0.0016956329345703125
  }
}